name,lat,lng,source,checked_on
사상,35.1625111,128.9889333,https://ko.wikipedia.org/wiki/사상역_(한국철도공사),2026-09-21
가야,35.16139,129.04278,https://ko.wikipedia.org/wiki/가야역_(한국철도공사),2026-09-21
범일,35.1451,129.0575,https://en.wikipedia.org/wiki/Beomil_station_(Korail),2026-09-21
채운신호장,36.16333,127.04889,https://ko.wikipedia.org/wiki/채운역,2026-09-21
연무대,36.12444,127.0875,https://ko.wikipedia.org/wiki/연무대역,2026-09-21
행신,37.612139,126.834139,https://ko.wikipedia.org/wiki/행신역,2026-09-21
서울,37.555167,126.970833,https://ko.wikipedia.org/wiki/서울역,2026-09-21
청량리,37.580861,127.048389,https://ko.wikipedia.org/wiki/청량리역,2026-09-21
상봉,37.596722,127.08475,https://ko.wikipedia.org/wiki/상봉역,2026-09-21
덕소,37.58639,127.20944,https://ko.wikipedia.org/wiki/덕소역,2026-09-21
양평,37.49833,127.49611,https://ko.wikipedia.org/wiki/양평역_(양평),2026-09-21
서원주,37.3498,127.837,https://ko.wikipedia.org/wiki/서원주역,2026-09-21
만종,37.356363,127.896399,https://ko.wikipedia.org/wiki/만종역,2026-09-21
횡성,37.48278,128.01028,https://ko.wikipedia.org/wiki/횡성역,2026-09-21
둔내,37.51,128.22111,https://ko.wikipedia.org/wiki/둔내역,2026-09-21
평창,37.56222,128.43,https://ko.wikipedia.org/wiki/평창역,2026-09-21
진부(오대산),37.6425,128.57472,https://ko.wikipedia.org/wiki/진부역,2026-09-21
강릉,37.7637611,128.8990861,https://ko.wikipedia.org/wiki/강릉역,2026-09-21
정동진,37.6913583,129.0333167,https://ko.wikipedia.org/wiki/정동진역,2026-09-21
묵호,37.5460556,129.1082306,https://ko.wikipedia.org/wiki/묵호역,2026-09-21
동해,37.4979778,129.1227611,https://ko.wikipedia.org/wiki/동해역,2026-09-21
판교(성남),37.3947611,127.1111361,https://ko.wikipedia.org/wiki/판교역_(성남),2026-09-21
성남,37.39472,127.11944,https://ko.wikipedia.org/wiki/성남역,2026-09-21
이매,37.3957306,127.1283667,https://ko.wikipedia.org/wiki/이매역,2026-09-21
삼동,37.408654,127.2032791,https://ko.wikipedia.org/wiki/삼동역,2026-09-21
경기광주,37.399198,127.2526508,https://ko.wikipedia.org/wiki/경기광주역,2026-09-21
초월,37.373487,127.299907,https://ko.wikipedia.org/wiki/초월역,2026-09-21
곤지암,37.350518,127.346193,https://ko.wikipedia.org/wiki/곤지암역,2026-09-21
신둔도예촌,37.315493,127.405249,https://ko.wikipedia.org/wiki/신둔도예촌역,2026-09-21
이천,37.26419,127.442045,https://ko.wikipedia.org/wiki/이천역,2026-09-21
부발,37.260411,127.490308,https://ko.wikipedia.org/wiki/부발역,2026-09-21
세종대왕릉,37.293653,127.570796,https://ko.wikipedia.org/wiki/세종대왕릉역,2026-09-21
여주,37.28288,127.62857,https://ko.wikipedia.org/wiki/여주역,2026-09-21
광명,37.41639,126.885,https://ko.wikipedia.org/wiki/광명역,2026-09-21
천안아산,36.79222,127.10444,https://ko.wikipedia.org/wiki/천안아산역,2026-09-21
오송,36.6207917,127.3278,https://ko.wikipedia.org/wiki/오송역,2026-09-21
대전,36.3318944,127.4345222,https://ko.wikipedia.org/wiki/대전역,2026-09-21
김천(구미),36.1135,128.180972,https://ko.wikipedia.org/wiki/김천(구미)역,2026-09-21
서대구,35.88083,128.53917,https://ko.wikipedia.org/wiki/서대구역,2026-09-21
동대구,35.87801,128.627844,https://ko.wikipedia.org/wiki/동대구역,2026-09-21
울산,35.5506861,129.1379389,https://ko.wikipedia.org/wiki/울산역,2026-09-21
부산,35.1149917,129.0420889,https://ko.wikipedia.org/wiki/부산역,2026-09-21
남영,37.54,126.97139,https://ko.wikipedia.org/wiki/남영역,2026-09-21
용산,37.5297056,126.9647444,https://ko.wikipedia.org/wiki/용산역,2026-09-21
노량진,37.5135,126.940194,https://ko.wikipedia.org/wiki/노량진역,2026-09-21
대방,37.5133,126.9263806,https://ko.wikipedia.org/wiki/대방역,2026-09-21
신길,37.516639,126.918583,https://ko.wikipedia.org/wiki/신길역,2026-09-21
영등포,37.51556,126.90778,https://ko.wikipedia.org/wiki/영등포역,2026-09-21
신도림,37.50917,126.89111,https://ko.wikipedia.org/wiki/신도림역,2026-09-21
구로,37.503111,126.881922,https://ko.wikipedia.org/wiki/구로역,2026-09-21
가산디지털단지,37.4807,126.88295,https://ko.wikipedia.org/wiki/가산디지털단지역,2026-09-21
독산,37.465944,126.8895,https://ko.wikipedia.org/wiki/독산역,2026-09-21
금천구청,37.4552528,126.8942222,https://ko.wikipedia.org/wiki/금천구청역,2026-09-21
석수,37.4341472,126.9025389,https://ko.wikipedia.org/wiki/석수역,2026-09-21
관악,37.4192361,126.9086972,https://ko.wikipedia.org/wiki/관악역,2026-09-21
안양,37.40175,126.922667,https://ko.wikipedia.org/wiki/안양역,2026-09-21
명학,37.3846167,126.9354778,https://ko.wikipedia.org/wiki/명학역,2026-09-21
금정,37.3720861,126.9435694,https://ko.wikipedia.org/wiki/금정역,2026-09-21
군포,37.353611,126.948472,https://ko.wikipedia.org/wiki/군포역,2026-09-21
당정,37.343389,126.948389,https://ko.wikipedia.org/wiki/당정역,2026-09-21
의왕,37.3210667,126.9481417,https://ko.wikipedia.org/wiki/의왕역,2026-09-21
성균관대,37.3002861,126.9710944,https://ko.wikipedia.org/wiki/성균관대역,2026-09-21
화서,37.285,126.98889,https://ko.wikipedia.org/wiki/화서역,2026-09-21
수원,37.262833,127.002639,https://ko.wikipedia.org/wiki/수원역,2026-09-21
세류,37.24417,127.01417,https://ko.wikipedia.org/wiki/세류역,2026-09-21
병점,37.206806,127.033111,https://ko.wikipedia.org/wiki/병점역,2026-09-21
세마,37.1875,127.04333,https://ko.wikipedia.org/wiki/세마역,2026-09-21
오산대,37.16944,127.06306,https://ko.wikipedia.org/wiki/오산대역,2026-09-21
오산,37.14556,127.06722,https://ko.wikipedia.org/wiki/오산역,2026-09-21
진위,37.10944,127.06222,https://ko.wikipedia.org/wiki/진위역,2026-09-21
송탄,37.0756944,127.0543389,https://ko.wikipedia.org/wiki/송탄역,2026-09-21
서정리,37.0574556,127.0530833,https://ko.wikipedia.org/wiki/서정리역,2026-09-21
평택지제,37.01889,127.07028,https://ko.wikipedia.org/wiki/평택지제역,2026-09-21
평택,36.9907972,127.085167,https://ko.wikipedia.org/wiki/평택역,2026-09-21
성환,36.91556,127.12778,https://ko.wikipedia.org/wiki/성환역,2026-09-21
직산,36.87083,127.14389,https://ko.wikipedia.org/wiki/직산역,2026-09-21
두정,36.8339917,127.1491861,https://ko.wikipedia.org/wiki/두정역,2026-09-21
천안,36.8101194,127.146825,https://ko.wikipedia.org/wiki/천안역,2026-09-21
소정리,36.71861,127.15556,https://ko.wikipedia.org/wiki/소정리역,2026-09-21
전의,36.67833,127.20306,https://ko.wikipedia.org/wiki/전의역,2026-09-21
전동,36.65417,127.26528,https://ko.wikipedia.org/wiki/전동역,2026-09-21
서창,36.6259694,127.2902972,https://ko.wikipedia.org/wiki/서창역,2026-09-21
조치원,36.6043361,127.2954278,https://ko.wikipedia.org/wiki/조치원역,2026-09-21
내판,36.55722,127.32472,https://ko.wikipedia.org/wiki/내판역,2026-09-21
부강,36.53222,127.36528,https://ko.wikipedia.org/wiki/부강역,2026-09-21
매포,36.49889,127.39083,https://ko.wikipedia.org/wiki/매포역,2026-09-21
신탄진,36.4491028,127.4284028,https://ko.wikipedia.org/wiki/신탄진역,2026-09-21
회덕,36.4025,127.42167,https://ko.wikipedia.org/wiki/회덕역,2026-09-21
대전조차장,36.37111,127.4225,https://ko.wikipedia.org/wiki/대전조차장역,2026-09-21
세천,36.33667,127.49111,https://ko.wikipedia.org/wiki/세천역,2026-09-21
옥천,36.2976583,127.5652861,https://ko.wikipedia.org/wiki/옥천역,2026-09-21
이원,36.24389,127.61806,https://ko.wikipedia.org/wiki/이원역,2026-09-21
지탄,36.24167,127.67583,https://ko.wikipedia.org/wiki/지탄역,2026-09-21
심천,36.23694,127.72028,https://ko.wikipedia.org/wiki/심천역,2026-09-21
각계,36.20806,127.72556,https://ko.wikipedia.org/wiki/각계역,2026-09-21
영동,36.17222,127.78667,https://ko.wikipedia.org/wiki/영동역,2026-09-21
황간,36.22417,127.91222,https://ko.wikipedia.org/wiki/황간역,2026-09-21
추풍령,36.21333,127.99583,https://ko.wikipedia.org/wiki/추풍령역,2026-09-21
신암,36.16194,128.01056,https://ko.wikipedia.org/wiki/신암역,2026-09-21
직지사,36.125,128.03972,https://ko.wikipedia.org/wiki/직지사역,2026-09-21
김천,36.12333,128.11472,https://ko.wikipedia.org/wiki/김천역,2026-09-21
대신,36.15278,128.19639,https://ko.wikipedia.org/wiki/대신역,2026-09-21
아포,36.15861,128.25722,https://ko.wikipedia.org/wiki/아포역,2026-09-21
구미,36.1287694,128.3296222,https://ko.wikipedia.org/wiki/구미역,2026-09-21
사곡,36.09806,128.35611,https://ko.wikipedia.org/wiki/사곡역,2026-09-21
북삼,36.05611,128.34528,https://ko.wikipedia.org/wiki/북삼역,2026-09-21
약목,36.03722,128.36444,https://ko.wikipedia.org/wiki/약목역,2026-09-21
왜관,35.99222,128.40028,https://ko.wikipedia.org/wiki/왜관역,2026-09-21
연화,35.965,128.44722,https://ko.wikipedia.org/wiki/연화역,2026-09-21
신동,35.95556,128.48528,https://ko.wikipedia.org/wiki/신동역,2026-09-21
지천,35.8975,128.50028,https://ko.wikipedia.org/wiki/지천역,2026-09-21
대구,35.8759306,128.5960528,https://ko.wikipedia.org/wiki/대구역,2026-09-21
고모,35.85889,128.67861,https://ko.wikipedia.org/wiki/고모역,2026-09-21
가천,35.85361,128.69306,https://ko.wikipedia.org/wiki/가천역,2026-09-21
경산,35.8192944,128.72806,https://ko.wikipedia.org/wiki/경산역,2026-09-21
삼성,35.7654278,128.7203833,https://ko.wikipedia.org/wiki/삼성역_(경산),2026-09-21
남성현,35.70528,128.71694,https://ko.wikipedia.org/wiki/남성현역,2026-09-21
청도,35.64,128.74639,https://ko.wikipedia.org/wiki/청도역,2026-09-21
신거,35.59806,128.76528,https://ko.wikipedia.org/wiki/신거역,2026-09-21
상동,35.55556,128.76056,https://ko.wikipedia.org/wiki/상동역_(밀양),2026-09-21
밀양,35.4753111,128.7702,https://ko.wikipedia.org/wiki/밀양역,2026-09-21
미전,35.40083,128.82444,https://ko.wikipedia.org/wiki/미전역,2026-09-21
삼랑진,35.39917,128.84306,https://ko.wikipedia.org/wiki/삼랑진역,2026-09-21
원동,35.3626528,128.9202722,https://ko.wikipedia.org/wiki/원동역,2026-09-21
물금,35.3071472,128.9853694,https://ko.wikipedia.org/wiki/물금역,2026-09-21
화명,35.23778,129.00667,https://ko.wikipedia.org/wiki/화명역_(한국철도공사),2026-09-21
구포,35.2046111,128.9965583,https://ko.wikipedia.org/wiki/구포역_(한국철도공사),2026-09-21
부산진,35.128725,129.0499056,https://ko.wikipedia.org/wiki/부산진역_(한국철도공사),2026-09-21
옥산,36.2829222,128.0944278,https://ko.wikipedia.org/wiki/옥산역,2026-09-21
청리,36.33917,128.12889,https://ko.wikipedia.org/wiki/청리역,2026-09-21
상주,36.4103917,128.1639028,https://ko.wikipedia.org/wiki/상주역,2026-09-21
백원,36.48194,128.175,https://ko.wikipedia.org/wiki/백원역_(상주),2026-09-21
함창,36.56972,128.17472,https://ko.wikipedia.org/wiki/함창역,2026-09-21
점촌,36.5956083,128.2033528,https://ko.wikipedia.org/wiki/점촌역,2026-09-21
용궁,36.60417,128.27722,https://ko.wikipedia.org/wiki/용궁역,2026-09-21
개포,36.6269167,128.3286222,https://ko.wikipedia.org/wiki/개포역,2026-09-21
예천,36.6478222,128.444361,https://ko.wikipedia.org/wiki/예천역,2026-09-21
어등,36.71528,128.56,https://ko.wikipedia.org/wiki/어등역,2026-09-21
영주,36.8109361,128.6257472,https://ko.wikipedia.org/wiki/영주역,2026-09-21
이촌,37.52254,126.97316,https://ko.wikipedia.org/wiki/이촌역,2026-09-21
서빙고,37.5195694,126.9885583,https://ko.wikipedia.org/wiki/서빙고역,2026-09-21
한남,37.5291306,127.0080972,https://ko.wikipedia.org/wiki/한남역,2026-09-21
옥수,37.5405,127.018722,https://ko.wikipedia.org/wiki/옥수역,2026-09-21
응봉,37.5508333,127.0351833,https://ko.wikipedia.org/wiki/응봉역,2026-09-21
왕십리,37.561583,127.038417,https://ko.wikipedia.org/wiki/왕십리역,2026-09-21
회기,37.58917,127.05722,https://ko.wikipedia.org/wiki/회기역,2026-09-21
외대앞,37.595,127.06278,https://ko.wikipedia.org/wiki/외대앞역,2026-09-21
신이문,37.6025,127.0675,https://ko.wikipedia.org/wiki/신이문역,2026-09-21
석계,37.61472,127.06528,https://ko.wikipedia.org/wiki/석계역,2026-09-21
광운대,37.62306,127.06139,https://ko.wikipedia.org/wiki/광운대역,2026-09-21
월계,37.63167,127.05806,https://ko.wikipedia.org/wiki/월계역,2026-09-21
녹천,37.64472,127.05083,https://ko.wikipedia.org/wiki/녹천역,2026-09-21
창동,37.6525,127.04694,https://ko.wikipedia.org/wiki/창동역,2026-09-21
방학,37.66722,127.04417,https://ko.wikipedia.org/wiki/방학역,2026-09-21
도봉,37.67917,127.04528,https://ko.wikipedia.org/wiki/도봉역,2026-09-21
도봉산,37.68944,127.04583,https://ko.wikipedia.org/wiki/도봉산역,2026-09-21
망월사,37.71028,127.0475,https://ko.wikipedia.org/wiki/망월사역,2026-09-21
회룡,37.724361,127.047361,https://ko.wikipedia.org/wiki/회룡역,2026-09-21
의정부,37.73806,127.04611,https://ko.wikipedia.org/wiki/의정부역,2026-09-21
가능,37.74833,127.04417,https://ko.wikipedia.org/wiki/가능역,2026-09-21
녹양,37.75889,127.04194,https://ko.wikipedia.org/wiki/녹양역,2026-09-21
양주,37.77444,127.04472,https://ko.wikipedia.org/wiki/양주역,2026-09-21
마전신호장,37.79274483,127.050210562,https://rail.blue/railroad/logis/stationinfo.aspx?id=173,2026-09-21
덕계,37.81889,127.05639,https://ko.wikipedia.org/wiki/덕계역,2026-09-21
덕정,37.84444,127.06139,https://ko.wikipedia.org/wiki/덕정역,2026-09-21
지행,37.89222,127.05556,https://ko.wikipedia.org/wiki/지행역,2026-09-21
동두천중앙,37.90222,127.05639,https://ko.wikipedia.org/wiki/동두천중앙역,2026-09-21
보산,37.91361,127.05722,https://ko.wikipedia.org/wiki/보산역,2026-09-21
동두천,37.92774,127.054691,https://ko.wikipedia.org/wiki/동두천역,2026-09-21
소요산,37.947986,127.060714,https://ko.wikipedia.org/wiki/소요산역,2026-09-21
청산,37.99528,127.07444,https://ko.wikipedia.org/wiki/청산역,2026-09-21
한탄강,38.0071,127.065,https://ko.wikipedia.org/wiki/한탄강역,2026-09-21
전곡,38.0246056,127.0711361,https://ko.wikipedia.org/wiki/전곡역,2026-09-21
연천,38.10167,127.07389,https://ko.wikipedia.org/wiki/연천역,2026-09-21
신망리,38.1381889,127.0836389,https://ko.wikipedia.org/wiki/신망리역,2026-09-21
대광리,38.1834111,127.1078833,https://ko.wikipedia.org/wiki/대광리역,2026-09-21
신탄리,38.2129667,127.1396861,https://ko.wikipedia.org/wiki/신탄리역,2026-09-21
백마고지,38.257368,127.165992,https://ko.wikipedia.org/wiki/백마고지역,2026-09-21
신촌,37.55972,126.94306,https://ko.wikipedia.org/wiki/신촌역_(경의선),2026-09-21
가좌,37.5686556,126.91525,https://ko.wikipedia.org/wiki/가좌역,2026-09-21
디지털미디어시티,37.577722,126.900083,https://ko.wikipedia.org/wiki/디지털미디어시티역,2026-09-21
수색,37.5817611,126.8939472,https://ko.wikipedia.org/wiki/수색역,2026-09-21
한국항공대,37.603525,126.8677139,https://ko.wikipedia.org/wiki/한국항공대역,2026-09-21
강매,37.612194,126.843194,https://ko.wikipedia.org/wiki/강매역,2026-09-21
능곡,37.618972,126.820583,https://ko.wikipedia.org/wiki/능곡역,2026-09-21
대곡,37.630875,126.8105333,https://ko.wikipedia.org/wiki/대곡역_(고양),2026-09-21
곡산,37.645722,126.801778,https://ko.wikipedia.org/wiki/곡산역,2026-09-21
백마,37.65825,126.794444,https://ko.wikipedia.org/wiki/백마역,2026-09-21
풍산,37.672028,126.786444,https://ko.wikipedia.org/wiki/풍산역_(고양),2026-09-21
일산,37.6823417,126.7695472,https://ko.wikipedia.org/wiki/일산역,2026-09-21
탄현,37.693778,126.761056,https://ko.wikipedia.org/wiki/탄현역,2026-09-21
야당,37.71275,126.761417,https://ko.wikipedia.org/wiki/야당역,2026-09-21
운정,37.72525,126.767,https://ko.wikipedia.org/wiki/운정역,2026-09-21
금릉,37.7515,126.765222,https://ko.wikipedia.org/wiki/금릉역,2026-09-21
금촌,37.76583,126.773917,https://ko.wikipedia.org/wiki/금촌역,2026-09-21
월롱,37.796194,126.792556,https://ko.wikipedia.org/wiki/월롱역,2026-09-21
파주,37.815194,126.792806,https://ko.wikipedia.org/wiki/파주역,2026-09-21
문산,37.854556,126.787583,https://ko.wikipedia.org/wiki/문산역,2026-09-21
운천,37.8794222,126.7704556,https://ko.wikipedia.org/wiki/운천역_(파주),2026-09-21
임진강,37.88806,126.74694,https://ko.wikipedia.org/wiki/임진강역,2026-09-21
도라산,37.8985083,126.7092944,https://ko.wikipedia.org/wiki/도라산역,2026-09-21
구일,37.49611,126.86972,https://ko.wikipedia.org/wiki/구일역,2026-09-21
개봉,37.494583,126.85875,https://ko.wikipedia.org/wiki/개봉역,2026-09-21
오류동,37.494389,126.844833,https://ko.wikipedia.org/wiki/오류동역,2026-09-21
온수,37.49203,126.82304,https://ko.wikipedia.org/wiki/온수역,2026-09-21
역곡,37.485,126.81139,https://ko.wikipedia.org/wiki/역곡역,2026-09-21
소사,37.48275,126.795806,https://ko.wikipedia.org/wiki/소사역,2026-09-21
부천,37.484056,126.782528,https://ko.wikipedia.org/wiki/부천역,2026-09-21
중동,37.48667,126.764222,https://ko.wikipedia.org/wiki/중동역_(부천),2026-09-21
송내,37.487639,126.752917,https://ko.wikipedia.org/wiki/송내역,2026-09-21
부개,37.488472,126.740583,https://ko.wikipedia.org/wiki/부개역,2026-09-21
부평,37.490417,126.723472,https://ko.wikipedia.org/wiki/부평역,2026-09-21
백운,37.483528,126.707611,https://ko.wikipedia.org/wiki/백운역,2026-09-21
동암,37.470889,126.702917,https://ko.wikipedia.org/wiki/동암역,2026-09-21
간석,37.464694,126.693778,https://ko.wikipedia.org/wiki/간석역,2026-09-21
주안,37.464972,126.680639,https://ko.wikipedia.org/wiki/주안역,2026-09-21
도화,37.4661167,126.6682639,https://ko.wikipedia.org/wiki/도화역,2026-09-21
제물포,37.4667833,126.6568,https://ko.wikipedia.org/wiki/제물포역,2026-09-21
도원,37.468675,126.6423139,https://ko.wikipedia.org/wiki/도원역,2026-09-21
동인천,37.4751528,126.6328639,https://ko.wikipedia.org/wiki/동인천역,2026-09-21
인천,37.47583,126.61667,https://ko.wikipedia.org/wiki/인천역,2026-09-21
낙동강,35.3885528,128.8302306,https://ko.wikipedia.org/wiki/낙동강역,2026-09-21
한림정,35.321556,128.8035306,https://ko.wikipedia.org/wiki/한림정역,2026-09-21
진영,35.298566752,128.774117761,https://rail.blue/railroad/logis/stationinfo.aspx?id=240,2026-09-21
진례,35.2625,128.76056,https://ko.wikipedia.org/wiki/진례역,2026-09-21
창원중앙,35.2422677,128.7018634,https://ko.wikipedia.org/wiki/창원중앙역,2026-09-21
창원,35.257539,128.606526,https://ko.wikipedia.org/wiki/창원역,2026-09-21
마산,35.2358972,128.577275,https://ko.wikipedia.org/wiki/마산역,2026-09-21
중리,35.24972,128.51917,https://ko.wikipedia.org/wiki/중리역,2026-09-21
함안,35.24917,128.42472,https://ko.wikipedia.org/wiki/함안역,2026-09-21
군북,35.251528,128.350472,https://ko.wikipedia.org/wiki/군북역,2026-09-21
반성,35.17472,128.25806,https://ko.wikipedia.org/wiki/반성역,2026-09-21
진주,35.15,128.11806,https://ko.wikipedia.org/wiki/진주역,2026-09-21
완사,35.13917,127.97972,https://ko.wikipedia.org/wiki/완사역,2026-09-21
북천,35.11167,127.88361,https://ko.wikipedia.org/wiki/북천역,2026-09-21
횡천,35.09944,127.80139,https://ko.wikipedia.org/wiki/횡천역,2026-09-21
하동,35.06361,127.76167,https://ko.wikipedia.org/wiki/하동역,2026-09-21
진상,35.0165,127.7198,https://ko.wikipedia.org/wiki/진상역,2026-09-21
광양,34.95611,127.58778,https://ko.wikipedia.org/wiki/광양역,2026-09-21
평화신호장,34.94278,127.55083,https://ko.wikipedia.org/wiki/평화역,2026-09-21
순천,34.9463694,127.5022056,https://en.wikipedia.org/wiki/Suncheon_station,2026-09-21
원창,34.8658972,127.4479528,https://ko.wikipedia.org/wiki/원창역,2026-09-21
구룡(순천),34.8412611,127.4171056,https://ko.wikipedia.org/wiki/구룡역_(순천),2026-09-21
벌교,34.8418167,127.3457472,https://ko.wikipedia.org/wiki/벌교역,2026-09-21
조성,34.80222,127.25056,https://ko.wikipedia.org/wiki/조성역,2026-09-21
예당,34.7787417,127.2029278,https://ko.wikipedia.org/wiki/예당역,2026-09-21
득량,34.7615,127.1701972,https://ko.wikipedia.org/wiki/득량역,2026-09-21
보성,34.7667139,127.0826778,https://ko.wikipedia.org/wiki/보성역,2026-09-21
광곡,34.79639,127.07306,https://ko.wikipedia.org/wiki/광곡역,2026-09-21
명봉,34.8275889,127.0760778,https://ko.wikipedia.org/wiki/명봉역,2026-09-21
도림,34.86694,127.01083,https://ko.wikipedia.org/wiki/도림역,2026-09-21
이양,34.8907472,126.990025,https://ko.wikipedia.org/wiki/이양역,2026-09-21
입교,34.93306,126.985,https://ko.wikipedia.org/wiki/입교역,2026-09-21
능주,34.98806,126.95917,https://ko.wikipedia.org/wiki/능주역,2026-09-21
만수,35.018738596,126.952423967,https://rail.blue/railroad/logis/stationinfo.aspx?id=10002131,2026-09-21
화순,35.0513278,126.9619778,https://ko.wikipedia.org/wiki/화순역,2026-09-21
남평,35.06194,126.87083,https://ko.wikipedia.org/wiki/남평역,2026-09-21
효천,35.1027611,126.8766667,https://ko.wikipedia.org/wiki/효천역,2026-09-21
서광주,35.125,126.8465639,https://ko.wikipedia.org/wiki/서광주역,2026-09-21
광주송정,35.1378444,126.7902333,https://ko.wikipedia.org/wiki/광주송정역,2026-09-21
망우,37.59917,127.09222,https://ko.wikipedia.org/wiki/망우역,2026-09-21
신내,37.6129,127.1032,https://ko.wikipedia.org/wiki/신내역,2026-09-21
갈매,37.6341361,127.1148028,https://ko.wikipedia.org/wiki/갈매역,2026-09-21
별내,37.6422194,127.1272083,https://ko.wikipedia.org/wiki/별내역,2026-09-21
퇴계원,37.64833,127.14417,https://ko.wikipedia.org/wiki/퇴계원역,2026-09-21
사릉,37.65028,127.17889,https://ko.wikipedia.org/wiki/사릉역,2026-09-21
금곡,37.63306,127.20194,https://ko.wikipedia.org/wiki/금곡역_(남양주),2026-09-21
평내호평,37.65333,127.24361,https://ko.wikipedia.org/wiki/평내호평역,2026-09-21
천마산,37.6578,127.2871583,https://ko.wikipedia.org/wiki/천마산역,2026-09-21
마석,37.65222,127.31222,https://ko.wikipedia.org/wiki/마석역,2026-09-21
대성리,37.68444,127.37944,https://ko.wikipedia.org/wiki/대성리역,2026-09-21
청평,37.73528,127.42639,https://ko.wikipedia.org/wiki/청평역,2026-09-21
상천,37.76972,127.45389,https://ko.wikipedia.org/wiki/상천역,2026-09-21
가평,37.82417,127.51306,https://ko.wikipedia.org/wiki/가평역,2026-09-21
굴봉산,37.843,127.55035,https://ko.wikipedia.org/wiki/굴봉산역,2026-09-21
백양리,37.830821416,127.589090374,https://rail.blue/railroad/logis/stationinfo.aspx?id=298,2026-09-21
강촌,37.81639,127.63167,https://ko.wikipedia.org/wiki/강촌역,2026-09-21
김유정,37.81944,127.71611,https://ko.wikipedia.org/wiki/김유정역,2026-09-21
남춘천,37.86111,127.72917,https://ko.wikipedia.org/wiki/남춘천역,2026-09-21
춘천,37.8847972,127.7169083,https://ko.wikipedia.org/wiki/춘천역,2026-09-21
범계,37.38965,126.9506139,https://ko.wikipedia.org/wiki/범계역,2026-09-21
평촌,37.3942972,126.9638472,https://ko.wikipedia.org/wiki/평촌역,2026-09-21
인덕원,37.401639,126.97667,https://ko.wikipedia.org/wiki/인덕원역,2026-09-21
과천정보타운,37.4125,126.97944,https://ko.wikipedia.org/wiki/과천정보타운역,2026-09-21
정부과천청사,37.426472,126.989917,https://ko.wikipedia.org/wiki/정부과천청사역,2026-09-21
과천,37.43306,126.99694,https://ko.wikipedia.org/wiki/과천역,2026-09-21
대공원,37.43556,127.00639,https://ko.wikipedia.org/wiki/대공원역_(과천),2026-09-21
경마공원,37.44417,127.00778,https://ko.wikipedia.org/wiki/경마공원역,2026-09-21
선바위,37.451861,127.002139,https://ko.wikipedia.org/wiki/선바위역,2026-09-21
남태령,37.46389,126.98917,https://ko.wikipedia.org/wiki/남태령역,2026-09-21
초남,34.92972,127.60861,https://ko.wikipedia.org/wiki/초남역,2026-09-21
황길,34.91889,127.66222,https://ko.wikipedia.org/wiki/황길역,2026-09-21
태금,34.93056,127.71528,https://ko.wikipedia.org/wiki/태금역,2026-09-21
광양항,34.92306,127.68583,https://ko.wikipedia.org/wiki/광양항역,2026-09-21
극락강,35.176181,126.830588,https://ko.wikipedia.org/wiki/극락강역,2026-09-21
광주,35.165317,126.909188,https://ko.wikipedia.org/wiki/광주역,2026-09-21
부조,36.00194,129.2825,https://ko.wikipedia.org/wiki/부조역,2026-09-21
효자,36.0075,129.33361,https://ko.wikipedia.org/wiki/효자역_(포항),2026-09-21
괴동,35.996571,129.375064,https://ko.wikipedia.org/wiki/괴동역,2026-09-21
대정,37.64111,126.82111,https://ko.wikipedia.org/wiki/대정역,2026-09-21
원릉,37.6625,126.83972,https://ko.wikipedia.org/wiki/원릉역,2026-09-21
삼릉,37.67861,126.85028,https://ko.wikipedia.org/wiki/삼릉역,2026-09-21
벽제,37.68028,126.89361,https://ko.wikipedia.org/wiki/벽제역,2026-09-21
일영,37.70056,126.92917,https://ko.wikipedia.org/wiki/일영역,2026-09-21
장흥,37.71861,126.94139,https://ko.wikipedia.org/wiki/장흥역_(양주),2026-09-21
온릉,37.71833,126.94889,https://ko.wikipedia.org/wiki/온릉역,2026-09-21
송추,37.72083,126.97972,https://ko.wikipedia.org/wiki/송추역,2026-09-21
대야,35.94472,126.82389,https://ko.wikipedia.org/wiki/대야역,2026-09-21
군산옥산,35.94306,126.73639,https://ko.wikipedia.org/wiki/군산옥산신호장,2026-09-21
군산항,35.9725,126.56111,https://ko.wikipedia.org/wiki/군산항역,2026-09-21
개정,35.96194,126.76778,https://ko.wikipedia.org/wiki/개정역,2026-09-21
군산화물,35.9802139,126.7207917,https://ko.wikipedia.org/wiki/군산화물역,2026-09-21
금강,35.8625,128.73722,https://ko.wikipedia.org/wiki/금강역,2026-09-21
청천,35.8801722,128.7672694,https://ko.wikipedia.org/wiki/청천역,2026-09-21
하양,35.909111,128.81835,https://ko.wikipedia.org/wiki/하양역,2026-09-21
금호,35.9317333,128.8688556,https://ko.wikipedia.org/wiki/금호역_(영천),2026-09-21
봉정,35.92833,128.90917,https://ko.wikipedia.org/wiki/봉정역,2026-09-21
영천,35.959512,128.939282,https://ko.wikipedia.org/wiki/영천역,2026-09-21
일로,34.8474944,126.47655,https://ko.wikipedia.org/wiki/일로역,2026-09-21
대불,34.77333,126.41889,https://ko.wikipedia.org/wiki/대불역,2026-09-21
용강,35.27111,128.63917,https://ko.wikipedia.org/wiki/용강신호소,2026-09-21
덕산,35.28083,128.68806,https://ko.wikipedia.org/wiki/덕산역,2026-09-21
제진,38.56722,128.38806,https://ko.wikipedia.org/wiki/제진역,2026-09-21
감호,38.63953111,128.33344,https://ko.wikipedia.org/wiki/감호역,2026-09-21
부전,35.164556,129.0601722,https://ko.wikipedia.org/wiki/부전역_(한국철도공사),2026-09-21
거제해맞이,35.1822472,129.0692,https://ko.wikipedia.org/wiki/거제해맞이역,2026-09-21
거제,35.1908917,129.0755167,https://ko.wikipedia.org/wiki/거제역,2026-09-21
교대,35.19889,129.07722,https://ko.wikipedia.org/wiki/교대역_(부산),2026-09-21
동래,35.1975722,129.0897556,https://ko.wikipedia.org/wiki/동래역_(한국철도공사),2026-09-21
안락,35.1959611,129.1038028,https://ko.wikipedia.org/wiki/안락역,2026-09-21
부산원동,35.19361,129.11417,https://ko.wikipedia.org/wiki/부산원동역,2026-09-21
재송,35.1895361,129.1201028,https://ko.wikipedia.org/wiki/재송역,2026-09-21
센텀,35.179167,129.124972,https://ko.wikipedia.org/wiki/센텀역,2026-09-21
벡스코,35.17167,129.13583,https://ko.wikipedia.org/wiki/벡스코역,2026-09-21
신해운대,35.181674,129.177087,https://ko.wikipedia.org/wiki/신해운대역,2026-09-21
송정,35.1809278,129.1999306,https://ko.wikipedia.org/wiki/송정역_(부산),2026-09-21
오시리아,35.196306,129.208361,https://ko.wikipedia.org/wiki/오시리아역,2026-09-21
기장,35.24139,129.21806,https://ko.wikipedia.org/wiki/기장역,2026-09-21
일광,35.2665475,129.232816889,https://ko.wikipedia.org/wiki/일광역,2026-09-21
좌천,35.31194,129.245,https://ko.wikipedia.org/wiki/좌천역_(한국철도공사),2026-09-21
월내,35.32167,129.27389,https://ko.wikipedia.org/wiki/월내역,2026-09-21
서생,35.34472,129.29222,https://ko.wikipedia.org/wiki/서생역,2026-09-21
남창,35.4173278,129.2835333,https://ko.wikipedia.org/wiki/남창역,2026-09-21
망양,35.45583,129.28806,https://ko.wikipedia.org/wiki/망양역,2026-09-21
덕하,35.4954972,129.3093278,https://ko.wikipedia.org/wiki/덕하역,2026-09-21
개운포,35.50778,129.32111,https://ko.wikipedia.org/wiki/개운포역,2026-09-21
태화강,35.53917,129.35417,https://ko.wikipedia.org/wiki/태화강역,2026-09-21
북울산,35.61472,129.37222,https://ko.wikipedia.org/wiki/북울산역,2026-09-21
외동신호장,35.7075,129.32194,https://ko.wikipedia.org/wiki/외동역,2026-09-21
경주,35.79833,129.13889,https://ko.wikipedia.org/wiki/경주역,2026-09-21
서경주,35.885,129.18,https://ko.wikipedia.org/wiki/서경주역,2026-09-21
안강,35.97056,129.23278,https://ko.wikipedia.org/wiki/안강역,2026-09-21
포항,36.07139,129.34222,https://ko.wikipedia.org/wiki/포항역,2026-09-21
월포,36.20355611,129.36641694,https://ko.wikipedia.org/wiki/월포역,2026-09-21
장사,36.284139,129.369139,https://ko.wikipedia.org/wiki/장사역,2026-09-21
강구,36.35239611,129.37257806,https://ko.wikipedia.org/wiki/강구역_(영덕),2026-09-21
영덕,36.4104200889,129.3773053389,https://ko.wikipedia.org/wiki/영덕역,2026-09-21
영해,36.53806,129.39667,https://ko.wikipedia.org/wiki/영해역,2026-09-21
고래불,36.60278,129.40639,https://ko.wikipedia.org/wiki/고래불역,2026-09-21
후포,36.68306,129.43694,https://ko.wikipedia.org/wiki/후포역,2026-09-21
평해,36.72528,129.44556,https://ko.wikipedia.org/wiki/평해역,2026-09-21
기성,36.79028,129.4475,https://ko.wikipedia.org/wiki/기성역_(울진),2026-09-21
매화,36.88278,129.40972,https://ko.wikipedia.org/wiki/매화역_(경상북도),2026-09-21
울진,36.98278,129.395,https://ko.wikipedia.org/wiki/울진역,2026-09-21
죽변,37.04917,129.40417,https://ko.wikipedia.org/wiki/죽변역,2026-09-21
흥부,37.09694,129.36917,https://ko.wikipedia.org/wiki/흥부역,2026-09-21
옥원,37.18389,129.32417,https://ko.wikipedia.org/wiki/옥원역,2026-09-21
임원,37.24056,129.32639,https://ko.wikipedia.org/wiki/임원역,2026-09-21
근덕,37.31472,129.27722,https://ko.wikipedia.org/wiki/근덕역,2026-09-21
삼척,37.4299278,129.178722,https://ko.wikipedia.org/wiki/삼척역,2026-09-21
신보성,34.75944,127.08528,https://ko.wikipedia.org/wiki/신보성역,2026-09-21
장동,34.75389,126.99611,https://ko.wikipedia.org/wiki/장동역_(장흥),2026-09-21
전남장흥,34.66917,126.91167,https://ko.wikipedia.org/wiki/전남장흥역,2026-09-21
강진,34.62806,126.77139,https://ko.wikipedia.org/wiki/강진역,2026-09-21
해남,34.63639,126.63833,https://ko.wikipedia.org/wiki/해남역,2026-09-21
영암,34.75944,126.53056,https://ko.wikipedia.org/wiki/영암역,2026-09-21
임성리,34.820389,126.435417,https://ko.wikipedia.org/wiki/임성리역,2026-09-21
묵호항,37.5398528,129.1121028,https://ko.wikipedia.org/wiki/묵호항역,2026-09-21
주평,36.64306,128.17056,https://ko.wikipedia.org/wiki/주평역,2026-09-21
진남,36.65528,128.12806,https://ko.wikipedia.org/wiki/진남역,2026-09-21
문경(구역),36.7294444,128.1063889,https://www.wikidata.org/wiki/Q1597551,2026-09-21
서동탄,37.19575,127.051778,https://ko.wikipedia.org/wiki/서동탄역,2026-09-21
부강화물,36.545,127.34889,https://ko.wikipedia.org/wiki/부강화물역,2026-09-21
장유,35.21083,128.82083,https://ko.wikipedia.org/wiki/장유역,2026-09-21
부산신항,35.11429,128.8463,https://ko.wikipedia.org/wiki/부산신항역,2026-09-21
동산,35.875,127.08778,https://ko.wikipedia.org/wiki/동산역,2026-09-21
북전주,35.86694,127.09722,https://ko.wikipedia.org/wiki/북전주역,2026-09-21
삼화,37.48583,129.06278,https://ko.wikipedia.org/wiki/삼화역,2026-09-21
서울숲,37.5436472,127.0446861,https://ko.wikipedia.org/wiki/서울숲역,2026-09-21
압구정로데오,37.5276306,127.0406306,https://ko.wikipedia.org/wiki/압구정로데오역,2026-09-21
강남구청,37.51722,127.04139,https://ko.wikipedia.org/wiki/강남구청역,2026-09-21
선정릉,37.5103,127.04385,https://ko.wikipedia.org/wiki/선정릉역,2026-09-21
선릉,37.50445,127.0489861,https://ko.wikipedia.org/wiki/선릉역,2026-09-21
한티,37.496167,127.052889,https://ko.wikipedia.org/wiki/한티역,2026-09-21
도곡,37.4908306,127.0553833,https://ko.wikipedia.org/wiki/도곡역,2026-09-21
구룡(서울),37.486778,127.059222,https://ko.wikipedia.org/wiki/구룡역_(서울),2026-09-21
개포동,37.488972,127.066028,https://ko.wikipedia.org/wiki/개포동역,2026-09-21
대모산입구,37.491194,127.07275,https://ko.wikipedia.org/wiki/대모산입구역,2026-09-21
수서,37.48694,127.10194,https://ko.wikipedia.org/wiki/수서역,2026-09-21
복정,37.4703278,127.1266222,https://ko.wikipedia.org/wiki/복정역,2026-09-21
가천대,37.44778,127.12694,https://ko.wikipedia.org/wiki/가천대역,2026-09-21
태평,37.43944,127.12806,https://ko.wikipedia.org/wiki/태평역,2026-09-21
모란,37.43139,127.12972,https://ko.wikipedia.org/wiki/모란역,2026-09-21
야탑,37.411139,127.128722,https://ko.wikipedia.org/wiki/야탑역,2026-09-21
서현,37.3851167,127.1232944,https://ko.wikipedia.org/wiki/서현역,2026-09-21
수내,37.3785528,127.114275,https://ko.wikipedia.org/wiki/수내역,2026-09-21
정자,37.3662778,127.1081222,https://ko.wikipedia.org/wiki/정자역,2026-09-21
미금,37.35,127.10889,https://ko.wikipedia.org/wiki/미금역,2026-09-21
오리,37.339775,127.1089417,https://ko.wikipedia.org/wiki/오리역,2026-09-21
죽전,37.324583,127.107417,https://ko.wikipedia.org/wiki/죽전역_(용인),2026-09-21
보정,37.312778,127.108333,https://ko.wikipedia.org/wiki/보정역,2026-09-21
구성,37.29861,127.10556,https://ko.wikipedia.org/wiki/구성역_(용인),2026-09-21
신갈,37.286156486,127.111268974,https://rail.blue/railroad/logis/stationinfo.aspx?id=425,2026-09-21
기흥,37.2752972,127.1159667,https://ko.wikipedia.org/wiki/기흥역,2026-09-21
상갈,37.2617972,127.1087167,https://ko.wikipedia.org/wiki/상갈역,2026-09-21
청명,37.2594861,127.0789444,https://ko.wikipedia.org/wiki/청명역,2026-09-21
영통,37.25361,127.07556,https://ko.wikipedia.org/wiki/영통역,2026-09-21
망포,37.2458,127.0573639,https://ko.wikipedia.org/wiki/망포역,2026-09-21
매탄권선,37.25444,127.04417,https://ko.wikipedia.org/wiki/매탄권선역,2026-09-21
수원시청,37.25889,127.03667,https://ko.wikipedia.org/wiki/수원시청역,2026-09-21
매교,37.2654806,127.0156889,https://ko.wikipedia.org/wiki/매교역,2026-09-21
추암,37.4781861,129.1576639,https://ko.wikipedia.org/wiki/추암역,2026-09-21
삼척해변,37.4681306,129.1658639,https://ko.wikipedia.org/wiki/삼척해변역,2026-09-21
서화성,37.24806,126.78694,https://ko.wikipedia.org/wiki/서화성역,2026-09-21
화성시청,37.19,126.82,https://ko.wikipedia.org/wiki/화성시청역,2026-09-21
향남,37.12306,126.91306,https://ko.wikipedia.org/wiki/향남역,2026-09-21
안중,36.97111,126.93806,https://ko.wikipedia.org/wiki/안중역,2026-09-21
인주,36.83833,126.88167,https://ko.wikipedia.org/wiki/인주역,2026-09-21
합덕,36.79639,126.79889,https://ko.wikipedia.org/wiki/합덕역,2026-09-21
홍성,36.59944,126.68111,https://ko.wikipedia.org/wiki/홍성역,2026-09-21
김포공항,37.5625,126.80083,https://ko.wikipedia.org/wiki/김포공항역,2026-09-21
원종,37.52417,126.80472,https://ko.wikipedia.org/wiki/원종역,2026-09-21
부천종합운동장,37.5053806,126.79735,https://ko.wikipedia.org/wiki/부천종합운동장역,2026-09-21
소새울,37.468222,126.797389,https://ko.wikipedia.org/wiki/소새울역,2026-09-21
시흥대야,37.450222,126.793,https://ko.wikipedia.org/wiki/시흥대야역,2026-09-21
신천,37.439194,126.78675,https://ko.wikipedia.org/wiki/신천역_(시흥),2026-09-21
신현,37.409667,126.787833,https://ko.wikipedia.org/wiki/신현역,2026-09-21
시흥시청,37.3805,126.8065,https://ko.wikipedia.org/wiki/시흥시청역,2026-09-21
시흥능곡,37.370139,126.808889,https://ko.wikipedia.org/wiki/시흥능곡역,2026-09-21
달미,37.348667,126.809472,https://ko.wikipedia.org/wiki/달미역,2026-09-21
선부,37.334361,126.809917,https://ko.wikipedia.org/wiki/선부역,2026-09-21
초지,37.320583,126.806194,https://ko.wikipedia.org/wiki/초지역,2026-09-21
시우,37.313083,126.795722,https://ko.wikipedia.org/wiki/시우역,2026-09-21
원시,37.302639,126.786806,https://ko.wikipedia.org/wiki/원시역,2026-09-21
고색,37.249694,126.980333,https://ko.wikipedia.org/wiki/고색역,2026-09-21
오목천,37.2433111,126.9637389,https://ko.wikipedia.org/wiki/오목천역,2026-09-21
어천,37.2497806,126.9091972,https://ko.wikipedia.org/wiki/어천역,2026-09-21
야목,37.2611111,126.8843611,https://ko.wikipedia.org/wiki/야목역,2026-09-21
사리,37.2908694,126.8571889,https://ko.wikipedia.org/wiki/사리역,2026-09-21
한대앞,37.3097722,126.8535806,https://ko.wikipedia.org/wiki/한대앞역,2026-09-21
중앙,37.3159583,126.8386417,https://ko.wikipedia.org/wiki/중앙역_(안산),2026-09-21
고잔,37.3168167,126.8231278,https://ko.wikipedia.org/wiki/고잔역,2026-09-21
안산,37.32722,126.78833,https://ko.wikipedia.org/wiki/안산역,2026-09-21
신길온천,37.337472,126.76725,https://ko.wikipedia.org/wiki/신길온천역,2026-09-21
정왕,37.35167,126.74278,https://ko.wikipedia.org/wiki/정왕역,2026-09-21
오이도,37.36194,126.73833,https://ko.wikipedia.org/wiki/오이도역,2026-09-21
달월,37.37975,126.74525,https://ko.wikipedia.org/wiki/달월역,2026-09-21
월곶,37.39111,126.7475,https://ko.wikipedia.org/wiki/월곶역,2026-09-21
소래포구,37.4009667,126.7335389,https://ko.wikipedia.org/wiki/소래포구역,2026-09-21
인천논현,37.4006417,126.7224944,https://ko.wikipedia.org/wiki/인천논현역,2026-09-21
호구포,37.4016222,126.7086833,https://ko.wikipedia.org/wiki/호구포역,2026-09-21
남동인더스파크,37.407767,126.695237,https://ko.wikipedia.org/wiki/남동인더스파크역,2026-09-21
원인재,37.4124056,126.6879056,https://ko.wikipedia.org/wiki/원인재역,2026-09-21
연수,37.41528,126.67833,https://ko.wikipedia.org/wiki/연수역,2026-09-21
송도,37.4297139,126.6544861,https://ko.wikipedia.org/wiki/송도역,2026-09-21
학익,37.43806,126.64806,https://ko.wikipedia.org/wiki/학익역,2026-09-21
인하대,37.44847194,126.64963889,https://ko.wikipedia.org/wiki/인하대역,2026-09-21
숭의,37.46080611,126.63830611,https://ko.wikipedia.org/wiki/숭의역,2026-09-21
신포,37.46889,126.62389,https://ko.wikipedia.org/wiki/신포역_(인천),2026-09-21
신광양항,34.89778,127.64722,https://ko.wikipedia.org/wiki/신광양항역,2026-09-21
신동화물,35.955815,128.450987,https://ko.wikipedia.org/wiki/신동화물역,2026-09-21
남철송장,35.061889,128.806806,https://ko.wikipedia.org/wiki/남철송장역,2026-09-21
북철송장,35.082694,128.825806,https://ko.wikipedia.org/wiki/북철송장역,2026-09-21
산본,37.35806,126.93306,https://ko.wikipedia.org/wiki/산본역,2026-09-21
수리산,37.35028,126.92556,https://ko.wikipedia.org/wiki/수리산역,2026-09-21
대야미,37.32833,126.91722,https://ko.wikipedia.org/wiki/대야미역,2026-09-21
반월,37.31222,126.90361,https://ko.wikipedia.org/wiki/반월역,2026-09-21
상록수,37.30278,126.86639,https://ko.wikipedia.org/wiki/상록수역,2026-09-21
양산화물,35.3071472,128.9853694,https://ko.wikipedia.org/wiki/양산화물역,2026-09-21
덕양,34.81222,127.6275,https://ko.wikipedia.org/wiki/덕양역,2026-09-21
흥국사,34.81667,127.67611,https://ko.wikipedia.org/wiki/흥국사역,2026-09-21
적량,34.85556,127.70611,https://ko.wikipedia.org/wiki/적량역,2026-09-21
북영주,36.8215778,128.6267056,https://ko.wikipedia.org/wiki/북영주역,2026-09-21
문단,36.8633139,128.6827333,https://ko.wikipedia.org/wiki/문단역,2026-09-21
봉화,36.8914667,128.727111,https://ko.wikipedia.org/wiki/봉화역_(봉화),2026-09-21
거촌,36.89028,128.77278,https://ko.wikipedia.org/wiki/거촌역,2026-09-21
봉성,36.89444,128.83056,https://ko.wikipedia.org/wiki/봉성역,2026-09-21
법전,36.9166528,128.8835167,https://ko.wikipedia.org/wiki/법전역,2026-09-21
춘양,36.9369167,128.9202111,https://ko.wikipedia.org/wiki/춘양역,2026-09-21
녹동,36.91639,128.95528,https://ko.wikipedia.org/wiki/녹동역_(봉화),2026-09-21
임기,36.9038556,128.9994028,https://ko.wikipedia.org/wiki/임기역,2026-09-21
현동,36.93667,129.01194,https://ko.wikipedia.org/wiki/현동역,2026-09-21
분천,36.9326944,129.0583417,https://ko.wikipedia.org/wiki/분천역,2026-09-21
비동,36.957705,129.073978,https://ko.wikipedia.org/wiki/비동역,2026-09-21
양원,37.60667,127.10778,https://ko.wikipedia.org/wiki/양원역_(서울),2026-09-21
승부,36.9926833,129.0844028,https://ko.wikipedia.org/wiki/승부역,2026-09-21
석포,37.0459639,129.0602944,https://ko.wikipedia.org/wiki/석포역,2026-09-21
동점,37.0842278,129.0465139,https://ko.wikipedia.org/wiki/동점역,2026-09-21
철암,37.1128861,129.0369556,https://ko.wikipedia.org/wiki/철암역,2026-09-21
백산,37.1383417,129.0340333,https://ko.wikipedia.org/wiki/백산역,2026-09-21
동백산,37.1508972,129.0345861,https://ko.wikipedia.org/wiki/동백산역,2026-09-21
솔안,37.15833,129.03028,https://ko.wikipedia.org/wiki/솔안역,2026-09-21
도계,37.2290722,129.0444694,https://ko.wikipedia.org/wiki/도계역,2026-09-21
고사리,37.26694,129.06111,https://ko.wikipedia.org/wiki/고사리역,2026-09-21
하고사리,37.28028,129.0625,https://ko.wikipedia.org/wiki/하고사리역,2026-09-21
마차리,37.30556,129.07194,https://ko.wikipedia.org/wiki/마차리역,2026-09-21
신기,37.3460306,129.0853361,https://ko.wikipedia.org/wiki/신기역_(삼척),2026-09-21
상정,37.3827611,129.1012167,https://ko.wikipedia.org/wiki/상정역,2026-09-21
미로,37.4169556,129.1136167,https://ko.wikipedia.org/wiki/미로역,2026-09-21
도경리,37.4425,129.11528,https://ko.wikipedia.org/wiki/도경리역,2026-09-21
망상,37.5875,129.09722,https://ko.wikipedia.org/wiki/망상역,2026-09-21
망상해수욕장,37.59306,129.0875,https://ko.wikipedia.org/wiki/망상해수욕장역,2026-09-21
옥계,37.61675,129.0505389,https://ko.wikipedia.org/wiki/옥계역,2026-09-21
청량신호소,37.7425,128.92083,https://ko.wikipedia.org/wiki/청량역,2026-09-21
영일만항,36.10083,129.43306,https://ko.wikipedia.org/wiki/영일만항역,2026-09-21
옥구,35.91833,126.66778,https://ko.wikipedia.org/wiki/옥구역,2026-09-21
온산,35.4213278,129.351028,https://ko.wikipedia.org/wiki/온산역,2026-09-21
우암,35.12472,129.07306,https://ko.wikipedia.org/wiki/우암역,2026-09-21
신선대,35.10833,129.08333,https://ko.wikipedia.org/wiki/신선대역,2026-09-21
용암,35.47611,129.32278,https://ko.wikipedia.org/wiki/용암역,2026-09-21
울산신항,35.46667,129.3725,https://ko.wikipedia.org/wiki/울산신항역,2026-09-21
울산항,35.51083,129.37472,https://ko.wikipedia.org/wiki/울산항역,2026-09-21
목천신호소,35.93375,126.924306,https://ko.wikipedia.org/wiki/목천신호소,2026-09-21
동익산,35.92111,126.95694,https://ko.wikipedia.org/wiki/동익산역,2026-09-21
지축,37.648123,126.91393,https://ko.wikipedia.org/wiki/지축역,2026-09-21
삼송,37.65304,126.89546,https://ko.wikipedia.org/wiki/삼송역,2026-09-21
원흥,37.650444,126.873777,https://ko.wikipedia.org/wiki/원흥역,2026-09-21
원당,37.653458,126.843088,https://ko.wikipedia.org/wiki/원당역,2026-09-21
화정,37.63459,126.83267,https://ko.wikipedia.org/wiki/화정역_(고양),2026-09-21
백석,37.64301,126.78787,https://ko.wikipedia.org/wiki/백석역,2026-09-21
마두,37.65208,126.7774,https://ko.wikipedia.org/wiki/마두역,2026-09-21
정발산,37.659675,126.7732917,https://ko.wikipedia.org/wiki/정발산역,2026-09-21
주엽,37.67028,126.76111,https://ko.wikipedia.org/wiki/주엽역,2026-09-21
대화,37.67611,126.7475,https://ko.wikipedia.org/wiki/대화역,2026-09-21
안평,35.33333,126.78,https://ko.wikipedia.org/wiki/안평역_(장성),2026-09-21
장성화물,35.31583,126.75917,https://ko.wikipedia.org/wiki/장성화물역,2026-09-21
봉명,36.80111,127.13556,https://ko.wikipedia.org/wiki/봉명역,2026-09-21
쌍용,36.7937917,127.1211972,https://ko.wikipedia.org/wiki/쌍용역,2026-09-21
아산,36.79222,127.10444,https://ko.wikipedia.org/wiki/아산역,2026-09-21
탕정,36.78825,127.084417,https://ko.wikipedia.org/wiki/탕정역,2026-09-21
배방,36.77778,127.05306,https://ko.wikipedia.org/wiki/배방역,2026-09-21
온양온천,36.78056,127.00333,https://ko.wikipedia.org/wiki/온양온천역,2026-09-21
신창,36.7696278,126.9508111,https://ko.wikipedia.org/wiki/신창역,2026-09-21
도고온천,36.7495278,126.8895722,https://ko.wikipedia.org/wiki/도고온천역,2026-09-21
신례원,36.727139,126.849722,https://ko.wikipedia.org/wiki/신례원역,2026-09-21
예산,36.6871694,126.8290167,https://ko.wikipedia.org/wiki/예산역,2026-09-21
삽교,36.68028,126.75167,https://ko.wikipedia.org/wiki/삽교역,2026-09-21
화양,36.63111,126.71528,https://ko.wikipedia.org/wiki/화양역,2026-09-21
신성,36.56806,126.66194,https://ko.wikipedia.org/wiki/신성역,2026-09-21
광천,36.5015528,126.6223306,https://ko.wikipedia.org/wiki/광천역,2026-09-21
원죽,36.46694,126.6175,https://ko.wikipedia.org/wiki/원죽역,2026-09-21
청소,36.44583,126.59056,https://ko.wikipedia.org/wiki/청소역,2026-09-21
주포,36.41083,126.57194,https://ko.wikipedia.org/wiki/주포역,2026-09-21
대천,36.3408889,126.586925,https://ko.wikipedia.org/wiki/대천역,2026-09-21
남포,36.31556,126.59444,https://ko.wikipedia.org/wiki/남포역_(보령),2026-09-21
웅천,36.23611,126.60667,https://ko.wikipedia.org/wiki/웅천역,2026-09-21
판교(서천),36.1556806,126.6793389,https://ko.wikipedia.org/wiki/판교역_(서천),2026-09-21
서천,36.08222,126.70861,https://ko.wikipedia.org/wiki/서천역,2026-09-21
장항,36.04,126.71556,https://ko.wikipedia.org/wiki/장항역,2026-09-21
군산,35.9977,126.7608694,https://ko.wikipedia.org/wiki/군산역,2026-09-21
익산,35.9416361,126.9457972,https://ko.wikipedia.org/wiki/익산역,2026-09-21
삼례,35.9066639,127.0642556,https://ko.wikipedia.org/wiki/삼례역,2026-09-21
전주,35.8525,127.16306,https://ko.wikipedia.org/wiki/전주역,2026-09-21
신리,35.77306,127.20639,https://ko.wikipedia.org/wiki/신리역,2026-09-21
죽림온천,35.73389,127.23222,https://ko.wikipedia.org/wiki/죽림온천역,2026-09-21
관촌,35.66194,127.276611,https://ko.wikipedia.org/wiki/관촌역,2026-09-21
임실,35.6331278,127.2900444,https://ko.wikipedia.org/wiki/임실역,2026-09-21
봉천,35.581472,127.313972,https://ko.wikipedia.org/wiki/봉천역_(임실),2026-09-21
오수,35.5429472,127.3205917,https://ko.wikipedia.org/wiki/오수역,2026-09-21
서도,35.49194,127.33083,https://ko.wikipedia.org/wiki/서도역,2026-09-21
산성,35.44056,127.3625,https://ko.wikipedia.org/wiki/산성역_(남원),2026-09-21
남원,35.4112028,127.3618194,https://ko.wikipedia.org/wiki/남원역,2026-09-21
주생,35.37639,127.31722,https://ko.wikipedia.org/wiki/주생역,2026-09-21
옹정,35.35417,127.29556,https://ko.wikipedia.org/wiki/옹정역,2026-09-21
금지,35.32917,127.29,https://ko.wikipedia.org/wiki/금지역,2026-09-21
곡성,35.2837139,127.303775,https://ko.wikipedia.org/wiki/곡성역,2026-09-21
압록,35.19861,127.37333,https://ko.wikipedia.org/wiki/압록역,2026-09-21
구례구,35.1634694,127.4527278,https://ko.wikipedia.org/wiki/구례구역,2026-09-21
봉덕,35.13444,127.45694,https://ko.wikipedia.org/wiki/봉덕역,2026-09-21
괴목,35.09528,127.42667,https://ko.wikipedia.org/wiki/괴목역,2026-09-21
개운,35.02722,127.45333,https://ko.wikipedia.org/wiki/개운역,2026-09-21
동운,35.00806,127.47889,https://ko.wikipedia.org/wiki/동운역,2026-09-21
성산,34.92472,127.54556,https://ko.wikipedia.org/wiki/성산역_(순천),2026-09-21
율촌,34.87556,127.57667,https://ko.wikipedia.org/wiki/율촌역,2026-09-21
여천,34.77944,127.66722,https://ko.wikipedia.org/wiki/여천역,2026-09-21
여수엑스포,34.75778,127.74722,https://ko.wikipedia.org/wiki/여수엑스포역,2026-09-21
민둥산,37.245628,128.772847,https://ko.wikipedia.org/wiki/민둥산역,2026-09-21
별어곡,37.26917,128.73972,https://ko.wikipedia.org/wiki/별어곡역,2026-09-21
선평,37.32167,128.7125,https://ko.wikipedia.org/wiki/선평역,2026-09-21
정선,37.3880361,128.6720139,https://ko.wikipedia.org/wiki/정선역,2026-09-21
송석,37.4225,128.65111,https://ko.wikipedia.org/wiki/송석역,2026-09-21
나전,37.44972,128.66861,https://ko.wikipedia.org/wiki/나전역,2026-09-21
아우라지,37.47278,128.72194,https://ko.wikipedia.org/wiki/아우라지역,2026-09-21
구절리,37.51667,128.72667,https://ko.wikipedia.org/wiki/구절리역,2026-09-21
아미신호장,37.25028,127.51194,https://ko.wikipedia.org/wiki/아미역,2026-09-21
가남,37.1976,127.5353,https://ko.wikipedia.org/wiki/가남역,2026-09-21
감곡장호원,37.1273,127.6349,https://ko.wikipedia.org/wiki/감곡장호원역,2026-09-21
앙성온천,37.0921,127.7883,https://ko.wikipedia.org/wiki/앙성온천역,2026-09-21
금가,37.04722,127.90389,https://ko.wikipedia.org/wiki/금가역,2026-09-21
충주,36.97611,127.90861,https://ko.wikipedia.org/wiki/충주역,2026-09-21
살미,36.90222,127.96028,https://ko.wikipedia.org/wiki/살미역,2026-09-21
수안보온천,36.84139,128.00472,https://ko.wikipedia.org/wiki/수안보온천역,2026-09-21
연풍,36.78639,128.01806,https://ko.wikipedia.org/wiki/연풍역_(괴산),2026-09-21
문경,36.71972,128.11083,https://ko.wikipedia.org/wiki/문경역,2026-09-21
중랑,37.594917,127.075833,https://ko.wikipedia.org/wiki/중랑역,2026-09-21
구리,37.60326,127.14337306,https://ko.wikipedia.org/wiki/구리역,2026-09-21
도농,37.6082611,127.1612778,https://ko.wikipedia.org/wiki/도농역,2026-09-21
양정,37.60028,127.19,https://ko.wikipedia.org/wiki/양정역_(남양주),2026-09-21
도심,37.5799389,127.2225806,https://ko.wikipedia.org/wiki/도심역,2026-09-21
팔당,37.5482722,127.2439861,https://ko.wikipedia.org/wiki/팔당역,2026-09-21
운길산,37.55194,127.3075,https://ko.wikipedia.org/wiki/운길산역,2026-09-21
양수,37.54556,127.32917,https://ko.wikipedia.org/wiki/양수역,2026-09-21
신원,37.5259806,127.3724806,https://ko.wikipedia.org/wiki/신원역_(양평),2026-09-21
국수,37.5161806,127.3993889,https://ko.wikipedia.org/wiki/국수역,2026-09-21
아신,37.5139306,127.4429889,https://ko.wikipedia.org/wiki/아신역,2026-09-21
오빈,37.5060306,127.47385,https://ko.wikipedia.org/wiki/오빈역,2026-09-21
원덕,37.46333,127.54556,https://ko.wikipedia.org/wiki/원덕역,2026-09-21
용문,37.4822167,127.5945722,https://ko.wikipedia.org/wiki/용문역_(양평),2026-09-21
지평,37.4762972,127.6294278,https://ko.wikipedia.org/wiki/지평역,2026-09-21
석불,37.46,127.65472,https://ko.wikipedia.org/wiki/석불역,2026-09-21
일신,37.44528,127.68861,https://ko.wikipedia.org/wiki/일신역_(양평),2026-09-21
매곡,37.43361,127.73139,https://ko.wikipedia.org/wiki/매곡역,2026-09-21
양동,37.4202861,127.7547972,https://ko.wikipedia.org/wiki/양동역,2026-09-21
삼산,37.39222,127.77972,https://ko.wikipedia.org/wiki/삼산역,2026-09-21
원주,37.31611,127.92167,https://ko.wikipedia.org/wiki/원주역,2026-09-21
운학신호장,37.200336,127.998133,https://ko.wikipedia.org/wiki/운학신호장,2026-09-21
봉양,37.129806,128.131444,https://ko.wikipedia.org/wiki/봉양역,2026-09-21
제천조차장,37.127694,128.1785,https://ko.wikipedia.org/wiki/제천조차장역,2026-09-21
제천,37.127222,128.206167,https://ko.wikipedia.org/wiki/제천역,2026-09-21
고명,37.113694,128.24225,https://ko.wikipedia.org/wiki/고명역,2026-09-21
삼곡,37.0758556,128.2739833,https://ko.wikipedia.org/wiki/삼곡역,2026-09-21
도담,37.024361,128.3265,https://ko.wikipedia.org/wiki/도담역,2026-09-21
단양,36.973194,128.344028,https://ko.wikipedia.org/wiki/단양역,2026-09-21
풍기,36.874278,128.523583,https://ko.wikipedia.org/wiki/풍기역,2026-09-21
옹천,36.6852167,128.7036639,https://ko.wikipedia.org/wiki/옹천역,2026-09-21
안동,36.5748719,128.6750067,https://ko.wikipedia.org/wiki/안동역,2026-09-21
의성,36.35111,128.69556,https://ko.wikipedia.org/wiki/의성역,2026-09-21
군위,36.16111,128.74583,https://ko.wikipedia.org/wiki/군위역,2026-09-21
북영천신호장,35.9657528,128.91765,https://ko.wikipedia.org/wiki/북영천역,2026-09-21
아화,35.89778,129.05139,https://ko.wikipedia.org/wiki/아화역,2026-09-21
모량,35.82694,129.12417,https://ko.wikipedia.org/wiki/모량역,2026-09-21
신창원,35.2331056,128.6397472,https://ko.wikipedia.org/wiki/신창원역,2026-09-21
남창원,35.20306,128.65944,https://ko.wikipedia.org/wiki/남창원역,2026-09-21
성주사,35.18806,128.6925,https://ko.wikipedia.org/wiki/성주사역,2026-09-21
경화,35.15917,128.68667,https://ko.wikipedia.org/wiki/경화역,2026-09-21
진해,35.1534167,128.6601222,https://ko.wikipedia.org/wiki/진해역,2026-09-21
통해,35.1536306,128.6793472,https://ko.wikipedia.org/wiki/통해역,2026-09-21
청주,36.6467139,127.3916306,https://ko.wikipedia.org/wiki/청주역,2026-09-21
오근장,36.7,127.47833,https://ko.wikipedia.org/wiki/오근장역,2026-09-21
청주공항,36.72139,127.48972,https://ko.wikipedia.org/wiki/청주공항역,2026-09-21
내수,36.72833,127.53639,https://ko.wikipedia.org/wiki/내수역,2026-09-21
증평,36.77806,127.58306,https://ko.wikipedia.org/wiki/증평역,2026-09-21
도안,36.813389973,127.614398017,https://rail.blue/railroad/logis/stationinfo.aspx?id=696,2026-09-21
보천,36.87667,127.65861,https://ko.wikipedia.org/wiki/보천역,2026-09-21
음성,36.92603,127.70390194,https://ko.wikipedia.org/wiki/음성역,2026-09-21
소이,36.9225,127.75639,https://ko.wikipedia.org/wiki/소이역,2026-09-21
주덕,36.97333,127.80222,https://ko.wikipedia.org/wiki/주덕역,2026-09-21
달천,36.96056,127.88,https://ko.wikipedia.org/wiki/달천역,2026-09-21
목행,37.01694,127.93222,https://ko.wikipedia.org/wiki/목행역,2026-09-21
동량,37.03333,127.97056,https://ko.wikipedia.org/wiki/동량역,2026-09-21
삼탄,37.07306,128.03833,https://ko.wikipedia.org/wiki/삼탄역,2026-09-21
공전,37.10083,128.07806,https://ko.wikipedia.org/wiki/공전역,2026-09-21
입석리,37.1968583,128.297639,https://ko.wikipedia.org/wiki/입석리역,2026-09-21
쌍룡,37.17462913,128.328491207,https://rail.blue/railroad/logis/stationinfo.aspx?id=720,2026-09-21
연당,37.1851028,128.396275,https://ko.wikipedia.org/wiki/연당역,2026-09-21
청령포,37.17139,128.45194,https://ko.wikipedia.org/wiki/청령포역,2026-09-21
영월,37.182425,128.4810111,https://ko.wikipedia.org/wiki/영월역,2026-09-21
탄부,37.18333,128.50917,https://ko.wikipedia.org/wiki/탄부역,2026-09-21
연하,37.19155,128.55611,https://ko.wikipedia.org/wiki/연하역,2026-09-21
석항,37.19722,128.62028,https://ko.wikipedia.org/wiki/석항역,2026-09-21
예미,37.2127167,128.6501222,https://ko.wikipedia.org/wiki/예미역,2026-09-21
조동,37.22806,128.6975,https://ko.wikipedia.org/wiki/조동역,2026-09-21
자미원,37.2360778,128.733583,https://ko.wikipedia.org/wiki/자미원역,2026-09-21
사북,37.22611,128.81694,https://ko.wikipedia.org/wiki/사북역,2026-09-21
고한,37.20083,128.85278,https://ko.wikipedia.org/wiki/고한역,2026-09-21
추전,37.2,128.9499528,https://ko.wikipedia.org/wiki/추전역,2026-09-21
태백,37.1760083,128.98385,https://ko.wikipedia.org/wiki/태백역,2026-09-21
문곡,37.15165,128.990175,https://ko.wikipedia.org/wiki/문곡역,2026-09-21
창내,36.99389,127.00389,https://ko.wikipedia.org/wiki/창내역,2026-09-21
신대신호소,37.00028,127.06417,https://ko.wikipedia.org/wiki/신대신호소,2026-09-21
함백,37.215778,128.697625,https://ko.wikipedia.org/wiki/함백역,2026-09-21
공주,36.33245306,127.09685306,https://ko.wikipedia.org/wiki/공주역,2026-09-21
정읍,35.57556,126.8425,https://ko.wikipedia.org/wiki/정읍역,2026-09-21
서대전,36.322475,127.4032944,https://ko.wikipedia.org/wiki/서대전역,2026-09-21
가수원,36.29944,127.35639,https://ko.wikipedia.org/wiki/가수원역,2026-09-21
흑석리,36.2552417,127.3390667,https://ko.wikipedia.org/wiki/흑석리역,2026-09-21
원정,36.25389,127.305,https://ko.wikipedia.org/wiki/원정역,2026-09-21
계룡,36.2726667,127.2656528,https://ko.wikipedia.org/wiki/계룡역,2026-09-21
신도,36.28333,127.24139,https://ko.wikipedia.org/wiki/신도역,2026-09-21
개태사,36.24139,127.22694,https://ko.wikipedia.org/wiki/개태사역,2026-09-21
연산,36.21222,127.20056,https://ko.wikipedia.org/wiki/연산역_(논산),2026-09-21
부황,36.225,127.15278,https://ko.wikipedia.org/wiki/부황역,2026-09-21
논산,36.2072722,127.0925,https://ko.wikipedia.org/wiki/논산역,2026-09-21
채화,36.164889389,127.058986306,https://ko.wikipedia.org/wiki/채화역,2026-09-21
강경,36.15417,127.01556,https://ko.wikipedia.org/wiki/강경역,2026-09-21
용동,36.10917,126.99083,https://ko.wikipedia.org/wiki/용동역,2026-09-21
함열,36.0799528,126.9571528,https://ko.wikipedia.org/wiki/함열역,2026-09-21
다산,36.05056,126.94861,https://ko.wikipedia.org/wiki/다산역_(폐역),2026-09-21
황등,35.9997194,126.9433472,https://ko.wikipedia.org/wiki/황등역,2026-09-21
부용,35.8775,126.94361,https://ko.wikipedia.org/wiki/부용역,2026-09-21
와룡,35.8475,126.94111,https://ko.wikipedia.org/wiki/와룡역,2026-09-21
김제,35.793503,126.905436,https://ko.wikipedia.org/wiki/김제역,2026-09-21
감곡,35.73333,126.89722,https://ko.wikipedia.org/wiki/감곡역,2026-09-21
신태인,35.6875194,126.8843028,https://ko.wikipedia.org/wiki/신태인역,2026-09-21
초강,35.64028,126.87667,https://ko.wikipedia.org/wiki/초강역,2026-09-21
천원,35.525672881,126.818622956,https://rail.blue/railroad/logis/stationinfo.aspx?id=757,2026-09-21
노령,35.49,126.80056,https://ko.wikipedia.org/wiki/노령역,2026-09-21
백양사,35.43139,126.80806,https://ko.wikipedia.org/wiki/백양사역,2026-09-21
신흥리,35.38444,126.7975,https://ko.wikipedia.org/wiki/신흥리역,2026-09-21
장성,35.3001139,126.7796167,https://ko.wikipedia.org/wiki/장성역,2026-09-21
옥정,35.258071457,126.74662413,https://rail.blue/railroad/logis/stationinfo.aspx?id=4821452,2026-09-21
임곡,35.21806,126.745,https://ko.wikipedia.org/wiki/임곡역,2026-09-21
하남,35.175,126.79611,https://ko.wikipedia.org/wiki/하남역,2026-09-21
노안,35.06611,126.74222,https://ko.wikipedia.org/wiki/노안역,2026-09-21
나주,35.0142611,126.7169944,https://ko.wikipedia.org/wiki/나주역,2026-09-21
영산포,35.00528,126.70667,https://ko.wikipedia.org/wiki/영산포역,2026-09-21
다시,35.01667,126.64083,https://ko.wikipedia.org/wiki/다시역,2026-09-21
함평,35.0239778,126.5387972,https://ko.wikipedia.org/wiki/함평역,2026-09-21
무안,34.96234806,126.51717306,https://ko.wikipedia.org/wiki/무안역,2026-09-21
몽탄,34.92972,126.50306,https://ko.wikipedia.org/wiki/몽탄역,2026-09-21
목포,34.79194,126.38722,https://ko.wikipedia.org/wiki/목포역,2026-09-21
양원(봉화),36.9647639,129.0915694,https://ko.wikipedia.org/wiki/양원역_(봉화),2026-09-21
신치,37.364239,128.683703,https://ko.wikipedia.org/wiki/신치역,2026-09-21
안인,37.7378052,128.9793446,https://www.openstreetmap.org/search?query=안인,2026-09-21
