name,lat,lng,source,checked_on,action,note
"문경","36.71972","128.11083","https://ko.wikipedia.org/wiki/문경역","2026-09-21","added","중부내륙선 신역; Rail.Blue station id 4821912의 36.720485896/128.110725066와 0.1km 이내 교차 확인"
"문경(구역)","36.7294444","128.1063889","https://www.wikidata.org/wiki/Q1597551","2026-09-21","added","구 문경선 종점; 36도43분46초N 128도6분23초E; 신역과 분리"
"부산진","35.128725","129.0499056","https://ko.wikipedia.org/wiki/부산진역_(한국철도공사)","2026-09-21","added","범일 보충 후 동해선 기점 외삽 방지; 도시철도역과 구분"
"가야","35.16139","129.04278","https://ko.wikipedia.org/wiki/가야역_(한국철도공사)","2026-09-21","added","원본에 없어 CSV에 추가"
"범일","35.1451","129.0575","https://en.wikipedia.org/wiki/Beomil_station_(Korail)","2026-09-21","added","원본에 없어 CSV에 추가"
"채운신호장","36.16333","127.04889","https://ko.wikipedia.org/wiki/채운역","2026-09-21","added","원본에 없어 CSV에 추가"
"연무대","36.12444","127.0875","https://ko.wikipedia.org/wiki/연무대역","2026-09-21","added","원본에 없어 CSV에 추가"
"판교(성남)","37.3947611","127.1111361","https://ko.wikipedia.org/wiki/판교역_(성남)","2026-09-21","added","원본에 없어 CSV에 추가"
"성남","37.39472","127.11944","https://ko.wikipedia.org/wiki/성남역","2026-09-21","added","원본에 없어 CSV에 추가"
"이매","37.3957306","127.1283667","https://ko.wikipedia.org/wiki/이매역","2026-09-21","added","원본에 없어 CSV에 추가"
"삼동","37.408654","127.2032791","https://ko.wikipedia.org/wiki/삼동역","2026-09-21","added","원본에 없어 CSV에 추가"
"경기광주","37.399198","127.2526508","https://ko.wikipedia.org/wiki/경기광주역","2026-09-21","added","원본에 없어 CSV에 추가"
"초월","37.373487","127.299907","https://ko.wikipedia.org/wiki/초월역","2026-09-21","added","원본에 없어 CSV에 추가"
"곤지암","37.350518","127.346193","https://ko.wikipedia.org/wiki/곤지암역","2026-09-21","added","원본에 없어 CSV에 추가"
"신둔도예촌","37.315493","127.405249","https://ko.wikipedia.org/wiki/신둔도예촌역","2026-09-21","added","원본에 없어 CSV에 추가"
"이천","37.26419","127.442045","https://ko.wikipedia.org/wiki/이천역","2026-09-21","added","원본에 없어 CSV에 추가"
"부발","37.260411","127.490308","https://ko.wikipedia.org/wiki/부발역","2026-09-21","added","원본에 없어 CSV에 추가"
"세종대왕릉","37.293653","127.570796","https://ko.wikipedia.org/wiki/세종대왕릉역","2026-09-21","added","원본에 없어 CSV에 추가"
"여주","37.28288","127.62857","https://ko.wikipedia.org/wiki/여주역","2026-09-21","added","원본에 없어 CSV에 추가"
"광운대","37.62306","127.06139","https://ko.wikipedia.org/wiki/광운대역","2026-09-21","added","원본에 없어 CSV에 추가"
"의정부","37.737861","127.046028","https://ko.wikipedia.org/wiki/의정부역","2026-09-21","added","원본에 없어 CSV에 추가"
"동두천","37.92774","127.054691","https://ko.wikipedia.org/wiki/동두천역","2026-09-21","added","원본에 없어 CSV에 추가"
"연천","38.10167","127.07389","https://ko.wikipedia.org/wiki/연천역","2026-09-21","added","원본에 없어 CSV에 추가"
"백마고지","38.257368","127.165992","https://ko.wikipedia.org/wiki/백마고지역","2026-09-21","added","원본에 없어 CSV에 추가"
"일산","37.6823417","126.7695472","https://ko.wikipedia.org/wiki/일산역","2026-09-21","added","원본에 없어 CSV에 추가"
"문산","37.854556","126.787583","https://ko.wikipedia.org/wiki/문산역","2026-09-21","added","원본에 없어 CSV에 추가"
"도라산","37.8985083","126.7092944","https://ko.wikipedia.org/wiki/도라산역","2026-09-21","added","원본에 없어 CSV에 추가"
"백산","37.1383417","129.0340333","https://ko.wikipedia.org/wiki/백산역","2026-09-21","added","원본에 없어 CSV에 추가"
"모량","35.82694","129.12417","https://ko.wikipedia.org/wiki/모량역","2026-09-21","added","원본에 없어 CSV에 추가"
"철암","37.1128861","129.0369556","https://ko.wikipedia.org/wiki/철암역","2026-09-21","override","원본이 서울 청량리 인근 좌표"
"서원주","37.3498","127.837","https://ko.wikipedia.org/wiki/서원주역","2026-09-21","override","원본 0/0"
"횡성","37.48278","128.01028","https://ko.wikipedia.org/wiki/횡성역","2026-09-21","override","원본 0/0"
"둔내","37.51","128.22111","https://ko.wikipedia.org/wiki/둔내역","2026-09-21","override","원본 0/0"
"평창","37.56222","128.43","https://ko.wikipedia.org/wiki/평창역","2026-09-21","override","원본 0/0"
"진부(오대산)","37.6425","128.57472","https://ko.wikipedia.org/wiki/진부역","2026-09-21","override","원본 0/0; 프로젝트 역명 유지"
"여천","34.77944","127.66722","https://ko.wikipedia.org/wiki/여천역","2026-09-21","override","원본과 약 1.44km 차이; 현 역사 좌표로 교정"
"여수엑스포","34.75778","127.74722","https://ko.wikipedia.org/wiki/여수엑스포역","2026-09-21","override","원본과 약 1.08km 차이; 현 역사 좌표로 교정"
"사상","35.1625111","128.9889333","https://ko.wikipedia.org/wiki/사상역_(한국철도공사)","2026-09-21","retained","출처와 1km 이내; 기존 유효값 유지"
"행신","37.612139","126.834139","https://ko.wikipedia.org/wiki/행신역","2026-09-21","retained","출처와 1km 이내; 기존 유효값 유지"
"서울","37.55472","126.97083","https://ko.wikipedia.org/wiki/서울역","2026-09-21","retained","출처와 1km 이내; 기존 유효값 유지"
"청량리","37.580861","127.048389","https://ko.wikipedia.org/wiki/청량리역","2026-09-21","retained","출처와 1km 이내; 기존 유효값 유지"
"상봉","37.596722","127.08475","https://ko.wikipedia.org/wiki/상봉역","2026-09-21","retained","출처와 1km 이내; 기존 유효값 유지"
"덕소","37.58639","127.20944","https://ko.wikipedia.org/wiki/덕소역","2026-09-21","retained","출처와 1km 이내; 기존 유효값 유지"
"양평","37.49833","127.49611","https://ko.wikipedia.org/wiki/양평역_(양평)","2026-09-21","retained","출처와 1km 이내; 기존 유효값 유지"
"만종","37.356363","127.896399","https://ko.wikipedia.org/wiki/만종역","2026-09-21","retained","출처와 1km 이내; 기존 유효값 유지"
"강릉","37.7637611","128.8990861","https://ko.wikipedia.org/wiki/강릉역","2026-09-21","retained","출처와 1km 이내; 기존 유효값 유지"
"정동진","37.6913583","129.0333167","https://ko.wikipedia.org/wiki/정동진역","2026-09-21","retained","출처와 1km 이내; 기존 유효값 유지"
"묵호","37.5460556","129.1082306","https://ko.wikipedia.org/wiki/묵호역","2026-09-21","retained","출처와 1km 이내; 기존 유효값 유지"
"동해","37.4979778","129.1227611","https://ko.wikipedia.org/wiki/동해역","2026-09-21","retained","출처와 1km 이내; 기존 유효값 유지"
"김천","36.12333","128.11472","https://ko.wikipedia.org/wiki/김천역","2026-09-21","retained","출처와 1km 이내; 기존 유효값 유지"
"신치","37.364239","128.683703","https://ko.wikipedia.org/wiki/신치역","2026-09-21","added","이전 pending 해소; 위키데이터 Q1592790, 정선선 선평~정선 구간 거리와 부합"
"안인","37.7378052","128.9793446","https://www.openstreetmap.org/search?query=안인","2026-09-21","added","이전 pending 해소; 위키 좌표 없어 OSM 화물야드 태그를 인접역(정동진 7.0km, 청량신호소 5.2km) 거리로 교차검증"
