"name","lat","lng"
"서울","37.557863","126.969468"
"용산","37.529567","126.963918"
"영등포","37.517699","126.912623"
"광명","37.420592","126.881594"
"청량리","37.11298","129.036482"
"안양","37.401933","126.922651"
"상봉","37.5969776","127.0857994"
"수원","37.266118","126.999941"
"오산","37.146584","127.066772"
"서정리","37.056459","127.052839"
"평택","36.990316","127.085794"
"성환","36.915783","127.126822"
"한림정","35.3223909","128.8034871"
"천안","36.809452","127.147055"
"전의","36.678032","127.203382"
"조치원","36.601316","127.296073"
"부강","36.532184","127.366045"
"신탄진","36.450512","127.428437"
"진영","35.303802","128.730003"
"오송","36.621521","127.328793"
"청주","36.647096","127.39233"
"천안아산","36.794613","127.104529"
"대전","36.332269","127.434183"
"오근장","36.698932","127.476861"
"청주공항","36.721644","127.489648"
"증평","36.777729","127.581994"
"옥천","36.297869","127.565283"
"이원","36.243676","127.617932"
"지탄","36.2418013","127.6764129"
"심천","36.237936","127.719524"
"영동","36.174281","127.782071"
"음성","36.926125","127.704487"
"황간","36.224254","127.912099"
"주덕","36.972924","127.802446"
"추풍령","36.2132","127.995682"
"진례","35.2666868","128.7629265"
"덕소","37.587005","127.208644"
"충주","36.975797","127.90958"
"김천","36.123719","128.114323"
"옥산","36.283291","128.095064"
"청리","36.338832","128.128361"
"상주","36.410428","128.163667"
"삼탄","37.071098","128.029394"
"구미","36.129274","128.330932"
"약목","36.0371781","128.3640792"
"왜관","35.99303","128.400079"
"신동","35.955297","128.486559"
"창원중앙","35.2422624","128.7014842"
"서대전","36.326388","127.401657"
"대구","35.8765","128.597445"
"동대구","35.879012","128.626219"
"경산","35.819999","128.727745"
"함창","36.569871","128.174674"
"행신","37.615263","126.843493"
"남성현","35.706107","128.718557"
"하양","35.909377","128.818018"
"청도","35.6396751","128.7462136"
"상동","35.55546","128.760349"
"창원","35.258459","128.60721"
"밀양","35.474614","128.771229"
"점촌","36.595544","128.203253"
"신경주","35.7983408","129.1389251"
"삼랑진","35.399489","128.843391"
"원동","35.3627245","128.9207899"
"물금","35.307264","128.984321"
"화명","35.2341753","129.0071425"
"구포","35.205531","128.997341"
"사상","35.162477","128.988826"
"부전","35.164421","129.060169"
"울산","35.539412","129.355105"
"마산","35.235919","128.577026"
"개포","36.627125","128.328868"
"아산","36.794613","127.104529"
"용궁","36.6068202","128.2727882"
"계룡","36.272439","127.265714"
"예천","36.647584","128.444855"
"중리","35.2496109","128.5185743"
"함안","35.277177","128.410183"
"기장","35.240989","129.218172"
"온양온천","36.780879","127.003683"
"군북","35.260219","128.347453"
"좌천","35.3109577","129.2442646"
"연산","36.2124543","127.20118"
"논산","36.207051","127.09203"
"도고온천","36.749764","126.889296"
"신례원","36.725901","126.847648"
"남창","35.417332","129.283655"
"양평","37.496011","127.49178"
"덕하","35.495022","129.304992"
"강경","36.153333","127.015237"
"예산","36.685687","126.829066"
"반성","35.1695659","128.2768257"
"함열","36.080321","126.956892"
"태화강","35.5397714","129.3538491"
"삽교","36.685998","126.739561"
"용문","37.482958","127.595217"
"지평","37.482325","127.594833"
"석불","37.452985","127.657237"
"일신","37.4454594","127.6883584"
"호계","35.622116","129.354023"
"매곡","37.431763","127.718013"
"홍성","36.599343","126.680419"
"양동","37.420275","127.754842"
"삼산","37.3927022","127.7799931"
"불국사","35.778179","129.296269"
"진주","35.183267","128.087144"
"만종","37.3563988","127.8969128"
"완사","35.132919","127.979576"
"광천","36.502653","126.622567"
"북천","35.114378","127.894964"
"안강","35.98938","129.231233"
"청소","36.445658","126.590964"
"원주","37.35825","127.944163"
"극락강","35.176","126.830705"
"횡천","35.1031549","127.808659"
"부산","35.115242","129.042895"
"대천","36.342308","126.585596"
"하동","35.0702","127.75986"
"진상","35.0164","127.720054"
"광양","34.9678528","127.5890069"
"웅천","36.234122","126.601819"
"봉양","37.131099","128.131003"
"판교","36.1556176","126.6793422"
"제천","37.128031","128.204342"
"서천","36.077034","126.701291"
"장항","36.041492","126.708189"
"군산","36.00184","126.758747"
"단양","36.973249","128.343616"
"광주","35.166544","126.909419"
"포항","36.03619","129.359715"
"풍기","36.873337","128.522421"
"쌍용","37.1746385","128.3284116"
"영주","36.785543","128.623836"
"영월","37.190198","128.548305"
"봉화","36.89164","128.726469"
"예미","37.212716","128.648036"
"춘양","36.9372273","128.9198593"
"사북","37.226237","128.816682"
"안동","36.56205","128.731023"
"고한","37.199561","128.853005"
"임기","36.90383","128.999305"
"현동","36.937118","129.012065"
"분천","36.9323645","129.0585209"
"태백","37.176869","128.98347"
"의성","36.353948","128.693497"
"승부","36.993791","129.083741"
"석포","37.045098","129.060802"
"탑리","36.2596607","128.6828609"
"대야","35.9432","126.810774"
"철암","37.579983","127.047679"
"화본","36.127132","128.694556"
"동백산","37.1510421","129.033998"
"신녕","36.034029","128.790654"
"익산","35.940719","126.946551"
"김제","35.793266","126.903852"
"북영천","35.964065","128.918172"
"삼례","35.906407","127.064098"
"도계","37.229232","129.044309"
"신태인","35.687386","126.884743"
"영천","35.959184","128.940869"
"정읍","35.575371","126.842753"
"전주","35.849552","127.161439"
"건천","35.850289","129.102206"
"백양사","35.431654","126.808405"
"신기","37.346133","129.085038"
"서경주","35.868628","129.2011165"
"임실","35.632293","127.288274"
"장성","35.299404","126.779848"
"동해","37.498237","129.12391"
"경주","35.84509","129.217778"
"오수","35.5444797","127.3191582"
"묵호","37.545955","129.107776"
"남원","35.410791","127.360528"
"정동진","37.691093","129.033194"
"곡성","35.283436","127.303795"
"구례구","35.163483","127.452645"
"순천","34.946606","127.500904"
"벌교","34.822102","127.310301"
"조성","34.806748","127.248707"
"예당","34.778745","127.202843"
"여천","34.768147","127.659479"
"득량","34.760834","127.171993"
"여수엑스포","34.748164","127.745746"
"보성","34.76862","127.080168"
"명봉","34.8275527","127.0758013"
"이양","34.890855","126.989989"
"능주","34.986037","126.964298"
"화순","35.032908","126.933214"
"효천","35.1028841","126.8775723"
"서광주","35.124528","126.848249"
"광주송정","35.137783","126.791767"
"나주","35.013988","126.717214"
"다시","35.016545","126.639671"
"함평","35.0239174","126.5388286"
"무안","34.900108","126.468278"
"몽탄","34.929382","126.503262"
"일로","34.8482593","126.4777165"
"임성리","34.820361","126.43453"
"목포","34.791165","126.386415"
"강릉","37.763401","128.898856"
"공주","36.3325","127.0968"
"신해운대","0","0"
"월포","0","0"
"평창","0","0"
"횡성","0","0"
"진부(오대산)","0","0"
"장사","0","0"
"영덕","0","0"
"강구","0","0"
"김천(구미)","0","128.1803226"
"둔내","0","0"
"서원주","0","0"
"양원(영동선)","36.964222","129.091428"
"민둥산","37.243657","128.773221"
"센텀","0","0"
"추암","37.478186","129.157664"
"삼척해변","37.468131","129.165864"
"삼척","37.429928","129.178722"
"가야","35.16139","129.04278"
"범일","35.1451","129.0575"
"채운신호장","36.16333","127.04889"
"연무대","36.12444","127.0875"
"판교(성남)","37.3947611","127.1111361"
"성남","37.39472","127.11944"
"이매","37.3957306","127.1283667"
"삼동","37.408654","127.2032791"
"경기광주","37.399198","127.2526508"
"초월","37.373487","127.299907"
"곤지암","37.350518","127.346193"
"신둔도예촌","37.315493","127.405249"
"이천","37.26419","127.442045"
"부발","37.260411","127.490308"
"세종대왕릉","37.293653","127.570796"
"여주","37.28288","127.62857"
"광운대","37.62306","127.06139"
"의정부","37.737861","127.046028"
"동두천","37.92774","127.054691"
"연천","38.10167","127.07389"
"백마고지","38.257368","127.165992"
"일산","37.6823417","126.7695472"
"문산","37.854556","126.787583"
"도라산","37.8985083","126.7092944"
"백산","37.1383417","129.0340333"
"모량","35.82694","129.12417"
"부산진","35.128725","129.0499056"
"문경","36.71972","128.11083"
"문경(구역)","36.7294444","128.1063889"
